Date,1,2,3,4,5,6,7,8,9,10,11,12,13,14,15,16,17,18,19,20,21,22,23,24,25,26,27,28,29,30
2024-05-1,ProDays-100-0,neoreow-100-0,Aventurine_0-100-0,ino2423-100-0,ljinsoo-100-0,krosh0127-100-0,heekp-100-0,Seyene-100-0,Route88-100-0,Lemong_0-100-0,_IIN-100-0,ggameee-100-0,YOUKONG-100-0,sungchanmom-100-0,xunzeeya-100-0,Master_Rakan_-100-0,Moncler02-100-0,tmdwns0818-100-0,roadhyeon03-100-0,aaqq2005y-100-0,spemdnjs-100-0,imsouthkorean-100-0,world_3034-100-0,poro_rany-100-0,Welcome_Pasta-100-0,d_capo-100-0,LGJ20000-100-0,TinySlayers-100-0,ArtBeat-100-0,TuuNaaA1-100-0
2024-05-2,neoreow-100-0,ProDays-100-0,Aventurine_0-100-0,ino2423-100-0,ljinsoo-100-0,krosh0127-100-0,heekp-100-0,Seyene-100-0,Route88-100-0,Lemong_0-100-0,_IIN-100-0,ggameee-100-0,YOUKONG-100-0,sungchanmom-100-0,xunzeeya-100-0,Master_Rakan_-100-0,Moncler02-100-0,tmdwns0818-100-0,roadhyeon03-100-0,aaqq2005y-100-0,spemdnjs-100-0,imsouthkorean-100-0,world_3034-100-0,poro_rany-100-0,Welcome_Pasta-100-0,d_capo-100-0,LGJ20000-100-0,TinySlayers-100-0,ArtBeat-100-0,TuuNaaA1-100-0
2024-05-3,neoreow-100-0,Aventurine_0-100-0,ProDays-100-0,ino2423-100-0,ljinsoo-100-0,krosh0127-100-0,heekp-100-0,Seyene-100-0,Route88-100-0,Lemong_0-100-0,_IIN-100-0,ggameee-100-0,YOUKONG-100-0,sungchanmom-100-0,xunzeeya-100-0,Master_Rakan_-100-0,Moncler02-100-0,tmdwns0818-100-0,roadhyeon03-100-0,aaqq2005y-100-0,spemdnjs-100-0,imsouthkorean-100-0,world_3034-100-0,poro_rany-100-0,Welcome_Pasta-100-0,d_capo-100-0,LGJ20000-100-0,TinySlayers-100-0,ArtBeat-100-0,TuuNaaA1-100-0
2024-05-4,neoreow-100-0,Aventurine_0-100-0,ino2423-100-0,ProDays-100-0,ljinsoo-100-0,krosh0127-100-0,heekp-100-0,Seyene-100-0,Route88-100-0,Lemong_0-100-0,_IIN-100-0,ggameee-100-0,YOUKONG-100-0,sungchanmom-100-0,xunzeeya-100-0,Master_Rakan_-100-0,Moncler02-100-0,tmdwns0818-100-0,roadhyeon03-100-0,aaqq2005y-100-0,spemdnjs-100-0,imsouthkorean-100-0,world_3034-100-0,poro_rany-100-0,Welcome_Pasta-100-0,d_capo-100-0,LGJ20000-100-0,TinySlayers-100-0,ArtBeat-100-0,TuuNaaA1-100-0
2024-05-5,neoreow-100-0,Aventurine_0-100-0,ino2423-100-0,ljinsoo-100-0,ProDays-100-0,krosh0127-100-0,heekp-100-0,Seyene-100-0,Route88-100-0,Lemong_0-100-0,_IIN-100-0,ggameee-100-0,YOUKONG-100-0,sungchanmom-100-0,xunzeeya-100-0,Master_Rakan_-100-0,Moncler02-100-0,tmdwns0818-100-0,roadhyeon03-100-0,aaqq2005y-100-0,spemdnjs-100-0,imsouthkorean-100-0,world_3034-100-0,poro_rany-100-0,Welcome_Pasta-100-0,d_capo-100-0,LGJ20000-100-0,TinySlayers-100-0,ArtBeat-100-0,TuuNaaA1-100-0
2024-05-6,neoreow-100-0,Aventurine_0-100-0,ino2423-100-0,ljinsoo-100-0,krosh0127-100-0,ProDays-100-0,heekp-100-0,Seyene-100-0,Route88-100-0,Lemong_0-100-0,_IIN-100-0,ggameee-100-0,YOUKONG-100-0,sungchanmom-100-0,xunzeeya-100-0,Master_Rakan_-100-0,Moncler02-100-0,tmdwns0818-100-0,roadhyeon03-100-0,aaqq2005y-100-0,spemdnjs-100-0,imsouthkorean-100-0,world_3034-100-0,poro_rany-100-0,Welcome_Pasta-100-0,d_capo-100-0,LGJ20000-100-0,TinySlayers-100-0,ArtBeat-100-0,TuuNaaA1-100-0
2024-05-7,neoreow-100-0,Aventurine_0-100-0,ino2423-100-0,ljinsoo-100-0,krosh0127-100-0,heekp-100-0,ProDays-100-0,Seyene-100-0,Route88-100-0,Lemong_0-100-0,_IIN-100-0,ggameee-100-0,YOUKONG-100-0,sungchanmom-100-0,xunzeeya-100-0,Master_Rakan_-100-0,Moncler02-100-0,tmdwns0818-100-0,roadhyeon03-100-0,aaqq2005y-100-0,spemdnjs-100-0,imsouthkorean-100-0,world_3034-100-0,poro_rany-100-0,Welcome_Pasta-100-0,d_capo-100-0,LGJ20000-100-0,TinySlayers-100-0,ArtBeat-100-0,TuuNaaA1-100-0
2024-05-8,neoreow-100-0,Aventurine_0-100-0,ino2423-100-0,ljinsoo-100-0,krosh0127-100-0,heekp-100-0,Seyene-100-0,ProDays-100-0,Route88-100-0,Lemong_0-100-0,_IIN-100-0,ggameee-100-0,YOUKONG-100-0,sungchanmom-100-0,xunzeeya-100-0,Master_Rakan_-100-0,Moncler02-100-0,tmdwns0818-100-0,roadhyeon03-100-0,aaqq2005y-100-0,spemdnjs-100-0,imsouthkorean-100-0,world_3034-100-0,poro_rany-100-0,Welcome_Pasta-100-0,d_capo-100-0,LGJ20000-100-0,TinySlayers-100-0,ArtBeat-100-0,TuuNaaA1-100-0
2024-05-9,neoreow-100-0,Aventurine_0-100-0,ino2423-100-0,ljinsoo-100-0,krosh0127-100-0,heekp-100-0,Seyene-100-0,Route88-100-0,ProDays-100-0,Lemong_0-100-0,_IIN-100-0,ggameee-100-0,YOUKONG-100-0,sungchanmom-100-0,xunzeeya-100-0,Master_Rakan_-100-0,Moncler02-100-0,tmdwns0818-100-0,roadhyeon03-100-0,aaqq2005y-100-0,spemdnjs-100-0,imsouthkorean-100-0,world_3034-100-0,poro_rany-100-0,Welcome_Pasta-100-0,d_capo-100-0,LGJ20000-100-0,TinySlayers-100-0,ArtBeat-100-0,TuuNaaA1-100-0
2024-05-10,neoreow-100-0,Aventurine_0-100-0,ino2423-100-0,ljinsoo-100-0,krosh0127-100-0,heekp-100-0,Seyene-100-0,Route88-100-0,Lemong_0-100-0,ProDays-100-0,_IIN-100-0,ggameee-100-0,YOUKONG-100-0,sungchanmom-100-0,xunzeeya-100-0,Master_Rakan_-100-0,Moncler02-100-0,tmdwns0818-100-0,roadhyeon03-100-0,aaqq2005y-100-0,spemdnjs-100-0,imsouthkorean-100-0,world_3034-100-0,poro_rany-100-0,Welcome_Pasta-100-0,d_capo-100-0,LGJ20000-100-0,TinySlayers-100-0,ArtBeat-100-0,TuuNaaA1-100-0
2024-05-11,neoreow-100-0,Aventurine_0-100-0,ino2423-100-0,ljinsoo-100-0,krosh0127-100-0,heekp-100-0,Seyene-100-0,Route88-100-0,Lemong_0-100-0,_IIN-100-0,ProDays-100-0,ggameee-100-0,YOUKONG-100-0,sungchanmom-100-0,xunzeeya-100-0,Master_Rakan_-100-0,Moncler02-100-0,tmdwns0818-100-0,roadhyeon03-100-0,aaqq2005y-100-0,spemdnjs-100-0,imsouthkorean-100-0,world_3034-100-0,poro_rany-100-0,Welcome_Pasta-100-0,d_capo-100-0,LGJ20000-100-0,TinySlayers-100-0,ArtBeat-100-0,TuuNaaA1-100-0
2024-05-12,neoreow-100-0,Aventurine_0-100-0,ino2423-100-0,ljinsoo-100-0,krosh0127-100-0,heekp-100-0,Seyene-100-0,Route88-100-0,Lemong_0-100-0,_IIN-100-0,ggameee-100-0,ProDays-100-0,YOUKONG-100-0,sungchanmom-100-0,xunzeeya-100-0,Master_Rakan_-100-0,Moncler02-100-0,tmdwns0818-100-0,roadhyeon03-100-0,aaqq2005y-100-0,spemdnjs-100-0,imsouthkorean-100-0,world_3034-100-0,poro_rany-100-0,Welcome_Pasta-100-0,d_capo-100-0,LGJ20000-100-0,TinySlayers-100-0,ArtBeat-100-0,TuuNaaA1-100-0
2024-05-13,neoreow-100-0,Aventurine_0-100-0,ino2423-100-0,ljinsoo-100-0,krosh0127-100-0,heekp-100-0,Seyene-100-0,Route88-100-0,Lemong_0-100-0,_IIN-100-0,ggameee-100-0,YOUKONG-100-0,ProDays-100-0,sungchanmom-100-0,xunzeeya-100-0,Master_Rakan_-100-0,Moncler02-100-0,tmdwns0818-100-0,roadhyeon03-100-0,aaqq2005y-100-0,spemdnjs-100-0,imsouthkorean-100-0,world_3034-100-0,poro_rany-100-0,Welcome_Pasta-100-0,d_capo-100-0,LGJ20000-100-0,TinySlayers-100-0,ArtBeat-100-0,TuuNaaA1-100-0
2024-05-14,neoreow-100-0,Aventurine_0-100-0,ino2423-100-0,ljinsoo-100-0,krosh0127-100-0,heekp-100-0,Seyene-100-0,Route88-100-0,Lemong_0-100-0,_IIN-100-0,ggameee-100-0,YOUKONG-100-0,sungchanmom-100-0,ProDays-100-0,xunzeeya-100-0,Master_Rakan_-100-0,Moncler02-100-0,tmdwns0818-100-0,roadhyeon03-100-0,aaqq2005y-100-0,spemdnjs-100-0,imsouthkorean-100-0,world_3034-100-0,poro_rany-100-0,Welcome_Pasta-100-0,d_capo-100-0,LGJ20000-100-0,TinySlayers-100-0,ArtBeat-100-0,TuuNaaA1-100-0
2024-05-15,neoreow-100-0,Aventurine_0-100-0,ino2423-100-0,ljinsoo-100-0,krosh0127-100-0,heekp-100-0,Seyene-100-0,Route88-100-0,Lemong_0-100-0,_IIN-100-0,ggameee-100-0,YOUKONG-100-0,sungchanmom-100-0,xunzeeya-100-0,ProDays-100-0,Master_Rakan_-100-0,Moncler02-100-0,tmdwns0818-100-0,roadhyeon03-100-0,aaqq2005y-100-0,spemdnjs-100-0,imsouthkorean-100-0,world_3034-100-0,poro_rany-100-0,Welcome_Pasta-100-0,d_capo-100-0,LGJ20000-100-0,TinySlayers-100-0,ArtBeat-100-0,TuuNaaA1-100-0
2024-05-16,neoreow-100-0,Aventurine_0-100-0,ino2423-100-0,ljinsoo-100-0,krosh0127-100-0,heekp-100-0,Seyene-100-0,Route88-100-0,Lemong_0-100-0,_IIN-100-0,ggameee-100-0,YOUKONG-100-0,sungchanmom-100-0,xunzeeya-100-0,Master_Rakan_-100-0,ProDays-100-0,Moncler02-100-0,tmdwns0818-100-0,roadhyeon03-100-0,aaqq2005y-100-0,spemdnjs-100-0,imsouthkorean-100-0,world_3034-100-0,poro_rany-100-0,Welcome_Pasta-100-0,d_capo-100-0,LGJ20000-100-0,TinySlayers-100-0,ArtBeat-100-0,TuuNaaA1-100-0
2024-05-17,neoreow-100-0,Aventurine_0-100-0,ino2423-100-0,ljinsoo-100-0,krosh0127-100-0,heekp-100-0,Seyene-100-0,Route88-100-0,Lemong_0-100-0,_IIN-100-0,ggameee-100-0,YOUKONG-100-0,sungchanmom-100-0,xunzeeya-100-0,Master_Rakan_-100-0,Moncler02-100-0,ProDays-100-0,tmdwns0818-100-0,roadhyeon03-100-0,aaqq2005y-100-0,spemdnjs-100-0,imsouthkorean-100-0,world_3034-100-0,poro_rany-100-0,Welcome_Pasta-100-0,d_capo-100-0,LGJ20000-100-0,TinySlayers-100-0,ArtBeat-100-0,TuuNaaA1-100-0
2024-05-18,neoreow-100-0,Aventurine_0-100-0,ino2423-100-0,ljinsoo-100-0,krosh0127-100-0,heekp-100-0,Seyene-100-0,Route88-100-0,Lemong_0-100-0,_IIN-100-0,ggameee-100-0,YOUKONG-100-0,sungchanmom-100-0,xunzeeya-100-0,Master_Rakan_-100-0,Moncler02-100-0,tmdwns0818-100-0,ProDays-100-0,roadhyeon03-100-0,aaqq2005y-100-0,spemdnjs-100-0,imsouthkorean-100-0,world_3034-100-0,poro_rany-100-0,Welcome_Pasta-100-0,d_capo-100-0,LGJ20000-100-0,TinySlayers-100-0,ArtBeat-100-0,TuuNaaA1-100-0
2024-05-19,neoreow-100-0,Aventurine_0-100-0,ino2423-100-0,ljinsoo-100-0,krosh0127-100-0,heekp-100-0,Seyene-100-0,Route88-100-0,Lemong_0-100-0,_IIN-100-0,ggameee-100-0,YOUKONG-100-0,sungchanmom-100-0,xunzeeya-100-0,Master_Rakan_-100-0,Moncler02-100-0,tmdwns0818-100-0,roadhyeon03-100-0,ProDays-100-0,aaqq2005y-100-0,spemdnjs-100-0,imsouthkorean-100-0,world_3034-100-0,poro_rany-100-0,Welcome_Pasta-100-0,d_capo-100-0,LGJ20000-100-0,TinySlayers-100-0,ArtBeat-100-0,TuuNaaA1-100-0
2024-05-20,neoreow-100-0,Aventurine_0-100-0,ino2423-100-0,ljinsoo-100-0,krosh0127-100-0,heekp-100-0,Seyene-100-0,Route88-100-0,Lemong_0-100-0,_IIN-100-0,ggameee-100-0,YOUKONG-100-0,sungchanmom-100-0,xunzeeya-100-0,Master_Rakan_-100-0,Moncler02-100-0,tmdwns0818-100-0,roadhyeon03-100-0,aaqq2005y-100-0,ProDays-100-0,spemdnjs-100-0,imsouthkorean-100-0,world_3034-100-0,poro_rany-100-0,Welcome_Pasta-100-0,d_capo-100-0,LGJ20000-100-0,TinySlayers-100-0,ArtBeat-100-0,TuuNaaA1-100-0
2024-05-21,neoreow-100-0,Aventurine_0-100-0,ino2423-100-0,ljinsoo-100-0,krosh0127-100-0,heekp-100-0,Seyene-100-0,Route88-100-0,Lemong_0-100-0,_IIN-100-0,ggameee-100-0,YOUKONG-100-0,sungchanmom-100-0,xunzeeya-100-0,Master_Rakan_-100-0,Moncler02-100-0,tmdwns0818-100-0,roadhyeon03-100-0,aaqq2005y-100-0,spemdnjs-100-0,ProDays-100-0,imsouthkorean-100-0,world_3034-100-0,poro_rany-100-0,Welcome_Pasta-100-0,d_capo-100-0,LGJ20000-100-0,TinySlayers-100-0,ArtBeat-100-0,TuuNaaA1-100-0
2024-05-22,neoreow-100-0,Aventurine_0-100-0,ino2423-100-0,ljinsoo-100-0,krosh0127-100-0,heekp-100-0,Seyene-100-0,Route88-100-0,Lemong_0-100-0,_IIN-100-0,ggameee-100-0,YOUKONG-100-0,sungchanmom-100-0,xunzeeya-100-0,Master_Rakan_-100-0,Moncler02-100-0,tmdwns0818-100-0,roadhyeon03-100-0,aaqq2005y-100-0,spemdnjs-100-0,imsouthkorean-100-0,ProDays-100-0,world_3034-100-0,poro_rany-100-0,Welcome_Pasta-100-0,d_capo-100-0,LGJ20000-100-0,TinySlayers-100-0,ArtBeat-100-0,TuuNaaA1-100-0
2024-05-23,neoreow-100-0,Aventurine_0-100-0,ino2423-100-0,ljinsoo-100-0,krosh0127-100-0,heekp-100-0,Seyene-100-0,Route88-100-0,Lemong_0-100-0,_IIN-100-0,ggameee-100-0,YOUKONG-100-0,sungchanmom-100-0,xunzeeya-100-0,Master_Rakan_-100-0,Moncler02-100-0,tmdwns0818-100-0,roadhyeon03-100-0,aaqq2005y-100-0,spemdnjs-100-0,imsouthkorean-100-0,world_3034-100-0,ProDays-100-0,poro_rany-100-0,Welcome_Pasta-100-0,d_capo-100-0,LGJ20000-100-0,TinySlayers-100-0,ArtBeat-100-0,TuuNaaA1-100-0
2024-05-24,neoreow-100-0,Aventurine_0-100-0,ino2423-100-0,ljinsoo-100-0,krosh0127-100-0,heekp-100-0,Seyene-100-0,Route88-100-0,Lemong_0-100-0,_IIN-100-0,ggameee-100-0,YOUKONG-100-0,sungchanmom-100-0,xunzeeya-100-0,Master_Rakan_-100-0,Moncler02-100-0,tmdwns0818-100-0,roadhyeon03-100-0,aaqq2005y-100-0,spemdnjs-100-0,imsouthkorean-100-0,world_3034-100-0,poro_rany-100-0,ProDays-100-0,Welcome_Pasta-100-0,d_capo-100-0,LGJ20000-100-0,TinySlayers-100-0,ArtBeat-100-0,TuuNaaA1-100-0
2024-05-25,neoreow-100-0,Aventurine_0-100-0,ino2423-100-0,ljinsoo-100-0,krosh0127-100-0,heekp-100-0,Seyene-100-0,Route88-100-0,Lemong_0-100-0,_IIN-100-0,ggameee-100-0,YOUKONG-100-0,sungchanmom-100-0,xunzeeya-100-0,Master_Rakan_-100-0,Moncler02-100-0,tmdwns0818-100-0,roadhyeon03-100-0,aaqq2005y-100-0,spemdnjs-100-0,imsouthkorean-100-0,world_3034-100-0,poro_rany-100-0,Welcome_Pasta-100-0,ProDays-100-0,d_capo-100-0,LGJ20000-100-0,TinySlayers-100-0,ArtBeat-100-0,TuuNaaA1-100-0
2024-05-26,neoreow-100-0,Aventurine_0-100-0,ino2423-100-0,ljinsoo-100-0,krosh0127-100-0,heekp-100-0,Seyene-100-0,Route88-100-0,Lemong_0-100-0,_IIN-100-0,ggameee-100-0,YOUKONG-100-0,sungchanmom-100-0,xunzeeya-100-0,Master_Rakan_-100-0,Moncler02-100-0,tmdwns0818-100-0,roadhyeon03-100-0,aaqq2005y-100-0,spemdnjs-100-0,imsouthkorean-100-0,world_3034-100-0,poro_rany-100-0,Welcome_Pasta-100-0,d_capo-100-0,ProDays-100-0,LGJ20000-100-0,TinySlayers-100-0,ArtBeat-100-0,TuuNaaA1-100-0
2024-05-27,neoreow-100-0,Aventurine_0-100-0,ino2423-100-0,ljinsoo-100-0,krosh0127-100-0,heekp-100-0,Seyene-100-0,Route88-100-0,Lemong_0-100-0,_IIN-100-0,ggameee-100-0,YOUKONG-100-0,sungchanmom-100-0,xunzeeya-100-0,Master_Rakan_-100-0,Moncler02-100-0,tmdwns0818-100-0,roadhyeon03-100-0,aaqq2005y-100-0,spemdnjs-100-0,imsouthkorean-100-0,world_3034-100-0,poro_rany-100-0,Welcome_Pasta-100-0,d_capo-100-0,LGJ20000-100-0,ProDays-100-0,TinySlayers-100-0,ArtBeat-100-0,TuuNaaA1-100-0
2024-05-28,neoreow-100-0,Aventurine_0-100-0,ino2423-100-0,ljinsoo-100-0,krosh0127-100-0,heekp-100-0,Seyene-100-0,Route88-100-0,Lemong_0-100-0,_IIN-100-0,ggameee-100-0,YOUKONG-100-0,sungchanmom-100-0,xunzeeya-100-0,Master_Rakan_-100-0,Moncler02-100-0,tmdwns0818-100-0,roadhyeon03-100-0,aaqq2005y-100-0,spemdnjs-100-0,imsouthkorean-100-0,world_3034-100-0,poro_rany-100-0,Welcome_Pasta-100-0,d_capo-100-0,LGJ20000-100-0,TinySlayers-100-0,ProDays-100-0,ArtBeat-100-0,TuuNaaA1-100-0
2024-05-29,TuuNaaA1-100-0,neoreow-100-0,Aventurine_0-100-0,ino2423-100-0,ljinsoo-100-0,krosh0127-100-0,heekp-100-0,Seyene-100-0,Pro_Days-100-0,Route88-100-0,YOUKONG-100-0,Lemong_0-100-0,Moncler02-100-0,_IIN-100-0,ggameee-100-0,sungchanmom-100-0,xunzeeya-100-0,tmdwns0818-100-0,roadhyeon03-100-0,aaqq2005y-100-0,spemdnjs-100-0,imsouthkorean-100-0,world_3034-100-0,poro_rany-100-0,Welcome_Pasta-100-0,d_capo-100-0,LGJ20000-100-0,TinySlayers-100-0,ArtBeat-100-0,Master_Rakan_-100-0
2024-05-30,_IIN-100-0,Aventurine_0-99-0,ino2423-98-0,ljinsoo-97-0,krosh0127-96-0,heekp-95-0,Seyene-94-5,Route88-93-4,Lemong_0-92-3,ggameee-91-2,YOUKONG-90-1,sungchanmom-89-0,xunzeeya-86-7,Master_Rakan_-79-6,Moncler02-71-5,tmdwns0818-30-4,roadhyeon03-27-3,aaqq2005y-15-2,neoreow-9-1,spemdnjs-8-0,imsouthkorean-8-0,world_3034-7-0,poro_rany-6-7,Welcome_Pasta-5-6,d_capo-5-5,LGJ20000-4-4,TinySlayers-3-3,ArtBeat-3-2,TuuNaaA1-2-1,ProDays-1-0